decision_half,trade_date,prior_trade_date,prior_amount_total,prior_amount_median,prior_amount_bottom3_sum
2024H1,20230703,20230630,5069443235.0,217778628.5,259928122.0
2024H1,20230704,20230703,2662689072.0,194817728.0,281217189.0
2024H1,20230705,20230704,3292615981.0,304203291.0,265711770.0
2024H1,20230706,20230705,18030323777.0,832998589.0,1203397229.0
2024H1,20230710,20230707,2725741197.0,161323031.5,73451248.0
2024H1,20230711,20230710,4495251620.0,192184744.0,224565304.0
2024H1,20230712,20230711,5897249984.0,493057040.0,605087811.0
2024H1,20230713,20230712,4574486779.0,277900842.5,183531495.0
2024H1,20230714,20230713,4048144899.0,296968061.0,292761610.0
2024H1,20230718,20230717,5713377052.0,230161534.0,300139345.0
2024H1,20230719,20230718,6750484453.0,403458127.5,390026393.0
2024H1,20230720,20230719,2355808729.0,177723233.0,273355295.0
2024H1,20230721,20230720,2142700042.0,184003270.5,198824297.0
2024H1,20230724,20230721,10112157527.0,424117492.5,353991166.0
2024H1,20230725,20230724,4852304076.0,265010299.0,240519424.0
2024H1,20230726,20230725,2300701742.0,182276981.5,235124697.0
2024H1,20230727,20230726,2959336549.0,188331050.5,162944658.0
2024H1,20230731,20230728,13888939363.0,559180283.0,398652931.0
2024H1,20230802,20230801,3196888778.0,157233263.0,202728335.0
2024H1,20230803,20230802,2219820937.0,164168388.5,252152384.0
2024H1,20230804,20230803,6732885089.0,108820469.0,153927210.0
2024H1,20230809,20230808,7620527938.0,364919270.0,369416197.0
2024H1,20230811,20230810,2511611019.0,160896479.5,141199932.0
2024H1,20230821,20230818,4180450039.0,302482739.0,441705109.0
2024H1,20230825,20230824,13135179964.0,1332868391.5,291375545.0
2024H1,20230829,20230828,3073568337.0,236632532.0,233634646.0
2024H1,20230830,20230829,5883555872.0,596311076.0,689149884.0
2024H1,20230901,20230831,1194564163.0,39521702.0,54785065.0
2024H1,20230904,20230901,2272202364.0,153304941.5,102007860.0
2024H1,20230905,20230904,4600892965.0,108137368.0,116033120.0
2024H1,20230906,20230905,3273099495.0,110370486.5,65618399.0
2024H1,20230907,20230906,3131361066.0,229796305.5,213599519.0
2024H1,20230908,20230907,1568785616.0,120812814.0,204344384.0
2024H1,20230911,20230908,1353051891.0,68666650.5,105745748.0
2024H1,20230912,20230911,5368421047.0,212688128.5,86723877.0
2024H1,20230913,20230912,2294069337.0,226554116.0,218271840.0
2024H1,20230918,20230915,5378569713.0,197783515.0,379412163.0
2024H1,20230919,20230918,1026059041.0,92734046.5,94632272.0
2024H1,20230920,20230919,6463796934.0,250250940.0,300461443.0
2024H1,20230921,20230920,5110107042.0,328398274.0,240129222.0
2024H1,20230925,20230922,5781560236.0,221684292.0,257054308.0
2024H1,20230927,20230926,3539855874.0,121103247.5,177377007.0
2024H1,20230928,20230927,6432088955.0,232166483.5,137109676.0
2024H1,20231010,20231009,1680050361.0,108891697.0,167284356.0
2024H1,20231011,20231010,7900726578.0,178871340.5,190212215.0
2024H1,20231012,20231011,1057163028.0,79261618.0,94275464.0
2024H1,20231013,20231012,3241316117.0,248837876.5,242553556.0
2024H1,20231016,20231013,4536004052.0,113021185.0,186869104.0
2024H1,20231017,20231016,5330449028.0,354595257.5,409003741.0
2024H1,20231019,20231018,6062739419.0,197540572.5,177957020.0
2024H1,20231020,20231019,3323113558.0,136003220.5,70169647.0
2024H1,20231023,20231020,5828820068.0,194638077.0,248013191.0
2024H1,20231024,20231023,3925133088.0,231299580.0,62352485.0
2024H1,20231025,20231024,4040314492.0,278324533.5,211616735.0
2024H1,20231027,20231026,1216232822.0,109206932.5,54621605.0
2024H1,20231030,20231027,9163287613.0,359608700.5,222008345.0
2024H1,20231031,20231030,5758573757.0,584896029.0,674823583.0
2024H1,20231101,20231031,8340902964.0,781219831.5,101404762.0
2024H1,20231102,20231101,2838858737.0,186418274.5,96011296.0
2024H1,20231103,20231102,4541263546.0,217760572.0,142815796.0
2024H1,20231106,20231103,7447094371.0,638718463.0,384721404.0
2024H1,20231107,20231106,11544445113.0,949197520.5,534770290.0
2024H1,20231108,20231107,2994038617.0,327275351.5,388315565.0
2024H1,20231109,20231108,10852112552.0,725532807.5,538852860.0
2024H1,20231113,20231110,5081706437.0,215155991.0,340541949.0
2024H1,20231114,20231113,4691332304.0,204689310.0,305679822.0
2024H1,20231115,20231114,2257266226.0,102766699.5,97686805.0
2024H1,20231116,20231115,3765055083.0,235260916.5,236363630.0
2024H1,20231117,20231116,8586230286.0,275235353.0,375760956.0
2024H1,20231120,20231117,3812790666.0,233768687.5,178168686.0
2024H1,20231121,20231120,915642124.0,48619427.5,68616434.0
2024H1,20231122,20231121,4844294982.0,276292045.0,526574155.0
2024H1,20231123,20231122,5194979057.0,235140013.0,268950863.0
2024H1,20231124,20231123,2941420667.0,257625373.0,410024076.0
2024H1,20231127,20231124,3629646887.0,294725943.5,278298937.0
2024H1,20231201,20231130,3796796551.0,193679579.0,82554125.0
2024H1,20231204,20231201,2114417585.0,76197719.0,103366687.0
2024H1,20231205,20231204,1668409232.0,111843596.5,226292458.0
2024H1,20231206,20231205,10496742458.0,245280060.0,366951475.0
2024H1,20231207,20231206,6019974078.0,533561025.0,533097300.0
2024H1,20231208,20231207,3371068301.0,173831915.5,315375280.0
2024H1,20231212,20231211,8237931270.0,581753897.5,618595494.0
2024H1,20231213,20231212,1566759888.0,102622488.0,125284345.0
2024H1,20231214,20231213,4533410678.0,483330603.5,436063450.0
2024H1,20231215,20231214,6453031242.0,657946458.5,563626170.0
2024H1,20231218,20231215,4168900808.0,184707895.0,189372798.0
2024H1,20231219,20231218,4071382424.0,430996697.5,659981644.0
2024H1,20231220,20231219,2925960830.0,223506951.0,182338281.0
2024H1,20231221,20231220,4053136371.0,445076796.0,575194578.0
2024H1,20231222,20231221,3651922304.0,226787057.0,309126441.0
2024H1,20231225,20231222,5567543012.0,166973942.0,160998295.0
2024H1,20231227,20231226,4188366169.0,246032746.0,214595319.0
2024H1,20231228,20231227,3387673707.0,326907736.0,318456806.0
2024H1,20231229,20231228,13417992113.0,302535570.5,277517708.0
2024H2,20240102,20231229,2552696488.0,160647012.0,253381679.0
2024H2,20240103,20240102,1292260478.0,92243377.0,141253452.0
2024H2,20240105,20240104,3206856471.0,120372742.5,124715706.0
2024H2,20240108,20240105,7410715234.0,773775802.0,206423122.0
2024H2,20240109,20240108,3883852447.0,385618662.0,482714663.0
2024H2,20240111,20240110,3825887054.0,389805111.5,493252911.0
2024H2,20240112,20240111,1411154273.0,97891856.5,112736457.0
2024H2,20240115,20240112,2694394164.0,170812430.5,264579723.0
2024H2,20240116,20240115,5311641561.0,432748830.5,329668378.0
2024H2,20240118,20240117,4789368618.0,374086422.5,448406674.0
2024H2,20240119,20240118,6931096243.0,271681621.0,343565892.0
2024H2,20240123,20240122,3934389641.0,349884829.0,494591683.0
2024H2,20240124,20240123,3794481022.0,219195552.5,242045812.0
2024H2,20240125,20240124,1728285582.0,99596431.0,168336572.0
2024H2,20240126,20240125,1100631357.0,95907135.0,108631692.0
2024H2,20240130,20240129,5272524179.0,384623619.0,213472998.0
2024H2,20240131,20240130,3833684200.0,227038805.0,293083524.0
2024H2,20240201,20240131,4988930685.0,184302985.5,147158548.0
2024H2,20240202,20240201,3024524176.0,144801190.0,138260292.0
2024H2,20240206,20240205,14398939812.0,597651442.5,592741759.0
2024H2,20240207,20240206,4668505614.0,402312109.0,613499203.0
2024H2,20240208,20240207,3745325942.0,395309885.5,193808847.0
2024H2,20240219,20240208,2204422235.0,242930545.0,158431104.0
2024H2,20240220,20240219,8801500676.0,220858843.5,285202497.0
2024H2,20240221,20240220,2628030441.0,221982705.0,235492882.0
2024H2,20240222,20240221,5267964937.0,272290135.0,182406227.0
2024H2,20240223,20240222,1360494336.0,111637038.5,109853654.0
2024H2,20240227,20240226,1660869737.0,155630229.0,279985450.0
2024H2,20240228,20240227,2265537495.0,44616072.5,78115054.0
2024H2,20240229,20240228,1826680860.0,117355093.0,240767706.0
2024H2,20240301,20240229,4793799186.0,116682118.0,224284474.0
2024H2,20240304,20240301,5682600265.0,379532722.0,740730824.0
2024H2,20240305,20240304,2335977238.0,177888809.0,230255652.0
2024H2,20240306,20240305,665647855.0,53353713.5,102878700.0
2024H2,20240308,20240307,8856309952.0,360951452.5,84059392.0
2024H2,20240311,20240308,5408568355.0,188445488.5,97718129.0
2024H2,20240312,20240311,7570876994.0,158150262.0,128259844.0
2024H2,20240313,20240312,2582877186.0,262285395.0,253255206.0
2024H2,20240314,20240313,5201296982.0,230035335.0,237955566.0
2024H2,20240315,20240314,14311873243.0,298367281.0,373357709.0
2024H2,20240318,20240315,12533082893.0,351053601.0,383779826.0
2024H2,20240319,20240318,5786821444.0,372717417.5,222846343.0
2024H2,20240320,20240319,10252944510.0,519903104.5,729364282.0
2024H2,20240321,20240320,3902646620.0,311169845.5,463046525.0
2024H2,20240322,20240321,11451558732.0,854721631.0,966760161.0
2024H2,20240325,20240322,10628962069.0,567346301.0,934961922.0
2024H2,20240326,20240325,3458586092.0,236529255.5,245115441.0
2024H2,20240327,20240326,694079870.0,60582196.0,58989527.0
2024H2,20240328,20240327,8367689124.0,323335785.5,453611057.0
2024H2,20240329,20240328,6882107149.0,332247385.5,352375917.0
2024H2,20240401,20240329,6645242500.0,341971368.0,316109090.0
2024H2,20240402,20240401,6563062234.0,554105905.5,123316163.0
2024H2,20240403,20240402,2624608509.0,183174989.5,209007338.0
2024H2,20240409,20240408,2912108889.0,251267138.5,117090582.0
2024H2,20240410,20240409,7007674969.0,598408960.5,465548298.0
2024H2,20240411,20240410,4029214651.0,362384529.5,374526908.0
2024H2,20240412,20240411,5514627582.0,270662349.0,439032236.0
2024H2,20240415,20240412,3808023502.0,312388572.5,387528121.0
2024H2,20240417,20240416,1543092089.0,140417181.5,154489781.0
2024H2,20240419,20240418,7147584306.0,198883078.5,219611155.0
2024H2,20240423,20240422,1382690433.0,139417930.5,73726987.0
2024H2,20240424,20240423,10022835340.0,603139286.0,384846698.0
2024H2,20240425,20240424,1107506748.0,39260689.5,53405603.0
2024H2,20240426,20240425,9778036786.0,543833224.5,428917589.0
2024H2,20240429,20240426,6728852802.0,353339605.0,423576349.0
2024H2,20240430,20240429,1417048439.0,91729784.5,121986578.0
2024H2,20240506,20240430,2920332701.0,130831653.5,162383648.0
2024H2,20240507,20240506,5697116126.0,314918864.5,303348063.0
2024H2,20240508,20240507,1813155073.0,146332448.0,130734077.0
2024H2,20240509,20240508,2088768202.0,169987905.0,179555760.0
2024H2,20240510,20240509,2854575597.0,257189223.0,331483422.0
2024H2,20240514,20240513,2541483347.0,165854311.0,270316127.0
2024H2,20240516,20240515,8039500715.0,177852417.0,94844963.0
2024H2,20240517,20240516,3064974533.0,333279989.0,296263472.0
2024H2,20240520,20240517,5008548657.0,453696314.5,201451725.0
2024H2,20240521,20240520,2752065092.0,227578022.5,251678747.0
2024H2,20240522,20240521,2050463502.0,168093144.0,105875590.0
2024H2,20240524,20240523,2835682450.0,250754171.5,204321635.0
2024H2,20240528,20240527,6846452126.0,666252464.5,561334670.0
2024H2,20240529,20240528,4698051465.0,137568807.0,93288207.0
2024H2,20240530,20240529,3555710735.0,243836893.0,272251162.0
2024H2,20240531,20240530,1331823407.0,101089177.0,113597346.0
2024H2,20240605,20240604,3062745716.0,264525569.0,278860403.0
2024H2,20240606,20240605,3236084455.0,102395297.5,245948339.0
2024H2,20240607,20240606,1734877590.0,134278155.5,108082947.0
2024H2,20240612,20240611,1649016129.0,126930287.5,104289639.0
2024H2,20240614,20240613,6393997666.0,585922209.0,286382553.0
2024H2,20240617,20240614,3047751168.0,256158801.0,166883687.0
2024H2,20240618,20240617,3062066212.0,222517394.5,266483650.0
2024H2,20240620,20240619,4780328968.0,166566384.5,149657481.0
2024H2,20240626,20240625,930942524.0,68156058.0,84279611.0
2024H2,20240627,20240626,5160243181.0,244556425.0,312186804.0
2024H2,20240628,20240627,3682324392.0,242142334.5,125430885.0
2025H1,20240701,20240628,2485721176.0,101132252.5,83317517.0
2025H1,20240702,20240701,839216192.0,83448723.5,98247194.0
2025H1,20240704,20240703,6160036391.0,516397170.0,403961261.0
2025H1,20240709,20240708,1498892442.0,86172115.5,64192368.0
2025H1,20240710,20240709,2192015177.0,205664421.5,174706749.0
2025H1,20240711,20240710,1800600850.0,84866996.5,85246032.0
2025H1,20240712,20240711,955824310.0,50468704.5,28896636.0
2025H1,20240716,20240715,7539685720.0,147299680.0,142925756.0
2025H1,20240717,20240716,1308667185.0,103085436.0,100954049.0
2025H1,20240719,20240718,6008740682.0,239470782.5,166841734.0
2025H1,20240722,20240719,6509493168.0,144036994.5,231242114.0
2025H1,20240723,20240722,1760059257.0,88061862.0,102330759.0
2025H1,20240724,20240723,2044112901.0,114012399.5,148039643.0
2025H1,20240725,20240724,6900269068.0,306410990.5,224951836.0
2025H1,20240726,20240725,1848020534.0,107797976.0,110956367.0
2025H1,20240731,20240730,4854839358.0,180095680.0,185231872.0
2025H1,20240801,20240731,2093104498.0,189141579.5,107905247.0
2025H1,20240802,20240801,1388646570.0,143984654.0,71530635.0
2025H1,20240805,20240802,2401670816.0,74244498.0,104862567.0
2025H1,20240806,20240805,4932204202.0,279522818.5,274909668.0
2025H1,20240807,20240806,2891936755.0,197617152.0,449983316.0
2025H1,20240808,20240807,2373259890.0,178712234.5,138140056.0
2025H1,20240809,20240808,8173097618.0,451768574.0,246314873.0
2025H1,20240812,20240809,1553550449.0,142334626.0,182892936.0
2025H1,20240814,20240813,2983728717.0,63335429.5,85347024.0
2025H1,20240816,20240815,7319768757.0,365373042.0,311702426.0
2025H1,20240819,20240816,2386900126.0,141735602.0,272170248.0
2025H1,20240821,20240820,1661010806.0,137639307.5,217192990.0
2025H1,20240823,20240822,1980158145.0,161109537.5,249573034.0
2025H1,20240826,20240823,1167887612.0,71737916.0,98244738.0
2025H1,20240827,20240826,1532071677.0,99972417.5,155809574.0
2025H1,20240828,20240827,4252539818.0,318088174.0,449122033.0
2025H1,20240829,20240828,6335059788.0,215151761.5,334325703.0
2025H1,20240830,20240829,6656419205.0,557189779.5,576307141.0
2025H1,20240903,20240902,5435796256.0,225700016.5,254650389.0
2025H1,20240904,20240903,1193177412.0,68089827.0,74172492.0
2025H1,20240905,20240904,5897467886.0,327348297.5,269600094.0
2025H1,20240909,20240906,9162324614.0,534183339.5,576059452.0
2025H1,20240912,20240911,2250917879.0,121599191.0,87654556.0
2025H1,20240918,20240913,2922391330.0,164287863.0,108990327.0
2025H1,20240919,20240918,5324966252.0,238675410.5,62561099.0
2025H1,20240920,20240919,5262036598.0,161940999.5,337964597.0
2025H1,20240923,20240920,2636206248.0,210118085.0,338926768.0
2025H1,20240924,20240923,2337643365.0,186508578.0,152386285.0
2025H1,20240925,20240924,9582663808.0,390667568.5,234026022.0
2025H1,20240926,20240925,11036157133.0,406630551.5,401010767.0
2025H1,20240927,20240926,4795731068.0,362282207.0,542470371.0
2025H1,20240930,20240927,4415587221.0,327979243.5,404896269.0
2025H1,20241010,20241009,8539451891.0,687592454.5,1110150019.0
2025H1,20241014,20241011,4307862946.0,195965227.0,345309118.0
2025H1,20241015,20241014,5516142681.0,423881838.5,630544517.0
2025H1,20241016,20241015,15388397177.0,683454951.0,405911941.0
2025H1,20241017,20241016,8199507946.0,415362051.5,369839621.0
2025H1,20241018,20241017,7337289830.0,445766856.0,215593721.0
2025H1,20241022,20241021,4659631575.0,307163045.5,504800765.0
2025H1,20241023,20241022,16368412344.0,978605574.0,393469468.0
2025H1,20241024,20241023,8053752222.0,172109040.5,126180393.0
2025H1,20241025,20241024,10584364358.0,290656607.0,373046954.0
2025H1,20241028,20241025,2861466932.0,195017839.0,204247787.0
2025H1,20241029,20241028,11691584092.0,788001636.0,1421115256.0
2025H1,20241030,20241029,3001465119.0,221153186.0,341711206.0
2025H1,20241031,20241030,5893357597.0,370600220.0,476286596.0
2025H1,20241101,20241031,8174305491.0,296992845.0,385346952.0
2025H1,20241104,20241101,12873430329.0,436230363.0,520007670.0
2025H1,20241105,20241104,34790489877.0,407717899.0,539463029.0
2025H1,20241106,20241105,10393992142.0,449189039.5,477207305.0
2025H1,20241107,20241106,6247039172.0,488531764.0,393874696.0
2025H1,20241108,20241107,21663145787.0,837144671.0,1623218706.0
2025H1,20241111,20241108,27970812732.0,1590500707.5,1659182971.0
2025H1,20241112,20241111,5630297156.0,308466771.5,455204274.0
2025H1,20241113,20241112,13254817442.0,628709910.0,905188826.0
2025H1,20241115,20241114,8121632103.0,620487475.5,983555689.0
2025H1,20241119,20241118,3616612979.0,218459842.5,396964488.0
2025H1,20241120,20241119,9665730108.0,307941673.5,488292292.0
2025H1,20241121,20241120,12206991896.0,805700000.0,739921415.0
2025H1,20241122,20241121,18624540255.0,952371714.5,1514409567.0
2025H1,20241125,20241122,5981633564.0,258211912.0,299725017.0
2025H1,20241126,20241125,14260274626.0,575569654.5,983221704.0
2025H1,20241128,20241127,7382398861.0,498224960.0,549703541.0
2025H1,20241129,20241128,3902941703.0,350427231.5,306879678.0
2025H1,20241202,20241129,11889861308.0,833797935.0,501673278.0
2025H1,20241204,20241203,14525367066.0,816921836.5,639045975.0
2025H1,20241205,20241204,10374921967.0,839256957.0,1599141311.0
2025H1,20241206,20241205,6443212673.0,249182227.5,419356044.0
2025H1,20241209,20241206,5028188914.0,366791431.0,511430341.0
2025H1,20241211,20241210,8087259024.0,753093478.0,466661333.0
2025H1,20241212,20241211,8993842893.0,460530388.0,765685492.0
2025H1,20241213,20241212,9075165494.0,529456392.0,784624033.0
2025H1,20241216,20241213,6693113012.0,259680457.0,155149058.0
2025H1,20241219,20241218,4263811710.0,257859508.0,403367055.0
2025H1,20241220,20241219,17091378682.0,556178474.0,783808474.0
2025H1,20241223,20241220,15005380349.0,1222142329.0,1770700834.0
2025H1,20241224,20241223,8222477470.0,394210612.5,321619027.0
2025H1,20241226,20241225,3509301209.0,353084645.0,419762549.0
2025H1,20241227,20241226,5524332082.0,305232350.5,167308426.0
2025H1,20241231,20241230,5235054997.0,334259215.0,398079416.0
2025H2,20250102,20241231,1762608491.0,126802026.0,139849459.0
2025H2,20250106,20250103,22946069607.0,1199994293.0,702496179.0
2025H2,20250107,20250106,2526932559.0,230964036.5,356623585.0
2025H2,20250109,20250108,7352314848.0,517074718.0,515781631.0
2025H2,20250110,20250109,10561536508.0,447331440.5,279160806.0
2025H2,20250113,20250110,5432344325.0,222180493.5,185998625.0
2025H2,20250114,20250113,1731828140.0,148845077.5,292208668.0
2025H2,20250116,20250115,8996792273.0,784489393.5,447466174.0
2025H2,20250117,20250116,5819342116.0,372314896.0,363865033.0
2025H2,20250120,20250117,9490747597.0,360964222.0,263968503.0
2025H2,20250122,20250121,14156387141.0,1600440653.5,972856673.0
2025H2,20250123,20250122,6320677206.0,361899603.5,340819481.0
2025H2,20250124,20250123,11580319308.0,639088806.0,344634639.0
2025H2,20250127,20250124,945122175.0,69982453.0,119563170.0
2025H2,20250205,20250127,10884568666.0,352189280.5,369527114.0
2025H2,20250206,20250205,8573012935.0,454256049.0,694666285.0
2025H2,20250207,20250206,8950987888.0,369571728.5,212014146.0
2025H2,20250212,20250211,12674234352.0,758410986.0,1001108228.0
2025H2,20250213,20250212,3347087923.0,277408920.0,275462135.0
2025H2,20250214,20250213,12457994314.0,1061047747.5,1112864097.0
2025H2,20250217,20250214,6965354540.0,458174398.0,410562997.0
2025H2,20250218,20250217,25397652964.0,1287055022.0,1347349049.0
2025H2,20250219,20250218,9241858968.0,698755862.0,997759590.0
2025H2,20250220,20250219,8859431413.0,480776890.5,413894769.0
2025H2,20250221,20250220,11582023097.0,934362069.0,1068994240.0
2025H2,20250224,20250221,20758083649.0,512901948.5,454639968.0
2025H2,20250225,20250224,18577509671.0,1263741455.5,731278999.0
2025H2,20250226,20250225,5031944834.0,370366998.0,191713109.0
2025H2,20250227,20250226,11871157770.0,234715350.0,255899122.0
2025H2,20250228,20250227,14742956695.0,615736316.0,1144514335.0
2025H2,20250303,20250228,8863478350.0,794076115.0,408939620.0
2025H2,20250304,20250303,10470540947.0,879413667.5,977071650.0
2025H2,20250305,20250304,7527477320.0,662367254.5,622941053.0
2025H2,20250306,20250305,14558905317.0,1016569212.5,1942574297.0
2025H2,20250307,20250306,10200079026.0,824443212.5,1005457394.0
2025H2,20250310,20250307,4030835220.0,192435207.5,157033820.0
2025H2,20250311,20250310,10977436421.0,1039427933.5,1751886585.0
2025H2,20250312,20250311,5344290425.0,278264962.5,313965764.0
2025H2,20250314,20250313,3599123242.0,302481131.0,339015930.0
2025H2,20250320,20250319,7711006474.0,405524644.0,594147469.0
2025H2,20250321,20250320,4518863448.0,372189193.5,477032969.0
2025H2,20250324,20250321,4161292084.0,350619592.5,531424825.0
2025H2,20250325,20250324,8914749808.0,854470980.5,797728650.0
2025H2,20250326,20250325,10402378934.0,625670592.5,399549055.0
2025H2,20250327,20250326,3384263530.0,262728984.5,255707396.0
2025H2,20250401,20250331,1772554760.0,64176830.0,95403687.0
2025H2,20250402,20250401,4081008341.0,397882673.0,182982646.0
2025H2,20250403,20250402,4288812982.0,373135211.0,382339688.0
2025H2,20250408,20250407,2708971647.0,173574325.5,157188558.0
2025H2,20250410,20250409,6595963914.0,172529573.5,225031577.0
2025H2,20250411,20250410,9407457168.0,389325147.0,238369378.0
2025H2,20250414,20250411,4902543145.0,304125377.5,388295460.0
2025H2,20250417,20250416,4650769930.0,304447016.0,376876486.0
2025H2,20250418,20250417,3001471752.0,201114609.5,162300110.0
2025H2,20250421,20250418,5065959845.0,310393522.0,385780497.0
2025H2,20250422,20250421,5829420082.0,113317256.0,130808411.0
2025H2,20250423,20250422,5619979959.0,662187482.5,400557470.0
2025H2,20250424,20250423,2745332625.0,250894596.5,340388597.0
2025H2,20250425,20250424,6895728215.0,358716279.0,502646582.0
2025H2,20250429,20250428,2970713155.0,228248518.5,305575119.0
2025H2,20250430,20250429,5623645894.0,278987871.5,306967842.0
2025H2,20250506,20250430,5397466036.0,298153429.0,355392840.0
2025H2,20250508,20250507,8153835483.0,453999158.5,563525100.0
2025H2,20250512,20250509,7192777486.0,615984510.0,848262818.0
2025H2,20250516,20250515,7802974169.0,623212132.0,808573221.0
2025H2,20250519,20250516,2465949590.0,129321487.0,180290203.0
2025H2,20250520,20250519,3917761056.0,188459130.5,248782763.0
2025H2,20250521,20250520,3593135401.0,190977228.0,233317008.0
2025H2,20250522,20250521,2631786365.0,177089209.0,258721742.0
2025H2,20250523,20250522,3040179880.0,205353674.0,292809543.0
2025H2,20250526,20250523,3838664475.0,283872246.5,500680730.0
2025H2,20250527,20250526,2780685883.0,219518024.0,196131415.0
2025H2,20250528,20250527,6339451797.0,275546384.5,403573995.0
2025H2,20250529,20250528,1514087211.0,102248976.5,144798175.0
2025H2,20250530,20250529,3861882996.0,193407879.0,243782066.0
2025H2,20250603,20250530,3264858603.0,246854778.5,281884471.0
2025H2,20250604,20250603,6541077136.0,615263125.5,254767994.0
2025H2,20250606,20250605,3244897301.0,243887873.5,368510686.0
2025H2,20250609,20250606,6181142697.0,361020293.0,427513661.0
2025H2,20250611,20250610,9786801694.0,375430708.0,637787685.0
2025H2,20250612,20250611,5300692038.0,446475005.5,516438122.0
2025H2,20250616,20250613,6156962280.0,521226231.5,311968876.0
2025H2,20250617,20250616,3941623333.0,212879707.0,336226235.0
2025H2,20250618,20250617,7460548243.0,642847801.0,1162323493.0
2025H2,20250619,20250618,2836010182.0,154928906.5,188906370.0
2025H2,20250620,20250619,3088477396.0,274850928.5,272397354.0
2025H2,20250623,20250620,3778289983.0,229514809.5,288673825.0
2025H2,20250624,20250623,4457765186.0,279219164.5,273380220.0
2025H2,20250625,20250624,12108908154.0,562776512.0,333410153.0
2025H2,20250626,20250625,9586264052.0,704690463.5,605242022.0
2025H2,20250627,20250626,3316429647.0,201731361.0,407215218.0
2025H2,20250630,20250627,5928667098.0,170023649.0,88593787.0
2026H1,20250701,20250630,4037715035.0,380258201.0,308449708.0
2026H1,20250703,20250702,6253776593.0,323477421.5,615442376.0
2026H1,20250707,20250704,9917877490.0,852620950.5,1142984107.0
2026H1,20250708,20250707,6103391538.0,224442598.5,360737225.0
2026H1,20250709,20250708,6747098848.0,335472795.5,602205141.0
2026H1,20250710,20250709,10588756347.0,868147020.5,1171479274.0
2026H1,20250711,20250710,8601444680.0,715291876.5,594373047.0
2026H1,20250714,20250711,6786711488.0,313879799.5,273515257.0
2026H1,20250715,20250714,9037052285.0,620521346.0,466491270.0
2026H1,20250716,20250715,6028426359.0,514350873.5,675473558.0
2026H1,20250717,20250716,4331835455.0,177420268.0,233943060.0
2026H1,20250718,20250717,9060986416.0,454215569.0,409450186.0
2026H1,20250721,20250718,4617230899.0,126963928.0,80553764.0
2026H1,20250722,20250721,7071064735.0,478803304.5,725014559.0
2026H1,20250724,20250723,4207750949.0,187007708.5,449322363.0
2026H1,20250728,20250725,3684046815.0,365467210.0,398914151.0
2026H1,20250729,20250728,23670565980.0,1478117394.0,636387440.0
2026H1,20250730,20250729,6872890217.0,440772923.5,743204955.0
2026H1,20250731,20250730,10972217792.0,1017858318.5,1177386178.0
2026H1,20250801,20250731,8377032775.0,669932019.5,577324418.0
2026H1,20250804,20250801,6638803618.0,207807899.0,206872103.0
2026H1,20250805,20250804,8582157288.0,485170572.5,793348489.0
2026H1,20250806,20250805,9837934413.0,447685465.0,663970981.0
2026H1,20250807,20250806,13952191217.0,1129068080.0,532364301.0
2026H1,20250808,20250807,7538272268.0,582853251.0,673568736.0
2026H1,20250811,20250808,7980719638.0,460654170.5,370826604.0
2026H1,20250812,20250811,11098651461.0,451414917.0,707505801.0
2026H1,20250813,20250812,17936987163.0,771641137.5,988570217.0
2026H1,20250814,20250813,20793961214.0,1287087281.0,1229726713.0
2026H1,20250815,20250814,13417708256.0,903336522.5,889903419.0
2026H1,20250818,20250815,6771949980.0,431159702.5,604077257.0
2026H1,20250819,20250818,28541901816.0,720635532.0,796996987.0
2026H1,20250820,20250819,30244939836.0,1023869553.5,1194230146.0
2026H1,20250821,20250820,17609287701.0,1274952298.5,976808742.0
2026H1,20250822,20250821,26650818477.0,1677792310.5,1434783053.0
2026H1,20250826,20250825,28852319261.0,1258825950.0,1445023247.0
2026H1,20250827,20250826,21174149349.0,757807144.0,981276079.0
2026H1,20250828,20250827,12794614990.0,580833045.5,684085319.0
2026H1,20250829,20250828,9102612904.0,926145150.0,886200804.0
2026H1,20250901,20250829,33481156847.0,1425137086.5,388353263.0
2026H1,20250902,20250901,11954681183.0,676299905.0,794724074.0
2026H1,20250904,20250903,12390645503.0,780121603.0,1101452888.0
2026H1,20250905,20250904,16775812921.0,1035682160.0,813321580.0
2026H1,20250908,20250905,17058603127.0,1201835015.5,685734720.0
2026H1,20250910,20250909,8074697985.0,623814742.5,814306852.0
2026H1,20250912,20250911,31871002151.0,2584707413.0,3538913931.0
2026H1,20250915,20250912,15309274187.0,1510412242.0,834799238.0
2026H1,20250916,20250915,17484742898.0,704394141.0,835448043.0
2026H1,20250917,20250916,15861969369.0,625469060.5,1350442176.0
2026H1,20250918,20250917,17185085380.0,1882420593.5,870262205.0
2026H1,20250919,20250918,14418526079.0,989972993.0,781165948.0
2026H1,20250922,20250919,27949707013.0,1995622258.0,1362834019.0
2026H1,20250924,20250923,12167388965.0,563404326.5,1028577537.0
2026H1,20250925,20250924,15839081026.0,933551545.0,1039356425.0
2026H1,20250926,20250925,8154980188.0,706644838.5,1203664300.0
2026H1,20250929,20250926,71555790502.0,4961222054.5,5388922395.0
2026H1,20250930,20250929,28051678304.0,1761916408.0,2203713361.0
2026H1,20251009,20250930,14236451317.0,523700619.0,582239261.0
2026H1,20251010,20251009,7044701056.0,661234182.5,411741989.0
2026H1,20251013,20251010,10240925809.0,938605630.0,1425671486.0
2026H1,20251014,20251013,9623320953.0,747510169.5,1208507851.0
2026H1,20251016,20251015,16929003236.0,1275831428.0,939332227.0
2026H1,20251017,20251016,12702384967.0,1226570937.5,1219810734.0
2026H1,20251020,20251017,14548154292.0,639764620.5,762988620.0
2026H1,20251021,20251020,16300328710.0,291807141.0,344035256.0
2026H1,20251022,20251021,2092369127.0,111495492.0,169713169.0
2026H1,20251023,20251022,6309646000.0,507113147.5,532069254.0
2026H1,20251024,20251023,11227616537.0,401681687.5,409232138.0
2026H1,20251027,20251024,20749118075.0,1097255665.0,1023532919.0
2026H1,20251028,20251027,27321041648.0,1352668287.0,1735881544.0
2026H1,20251029,20251028,52856990989.0,4601631345.5,4511038003.0
2026H1,20251031,20251030,7108484061.0,683631783.0,817330860.0
2026H1,20251103,20251031,11569360560.0,751225199.0,875939175.0
2026H1,20251104,20251103,21320333963.0,1543306695.0,1231698758.0
2026H1,20251105,20251104,17620335587.0,932259468.0,486569825.0
2026H1,20251106,20251105,19208480901.0,1141912980.0,1213694489.0
2026H1,20251107,20251106,14454520767.0,961766158.0,801463625.0
2026H1,20251110,20251107,25552354464.0,1128939561.0,1097102764.0
2026H1,20251111,20251110,26231702892.0,1696513767.5,909154533.0
2026H1,20251113,20251112,10489484906.0,995789522.0,1361209526.0
2026H1,20251114,20251113,7151277594.0,489392055.0,304331133.0
2026H1,20251117,20251114,30055394806.0,2853071062.5,3471986763.0
2026H1,20251118,20251117,11751096260.0,380029754.0,339822257.0
2026H1,20251119,20251118,25044072661.0,1294719316.5,416230873.0
2026H1,20251120,20251119,12199122076.0,732891731.5,315155353.0
2026H1,20251121,20251120,1988873748.0,96656481.5,155526882.0
2026H1,20251124,20251121,7511090390.0,488245305.5,456745394.0
2026H1,20251125,20251124,15777109854.0,1180229230.5,1038143168.0
2026H1,20251126,20251125,16834857624.0,359617726.0,568236689.0
2026H1,20251127,20251126,14615252650.0,791641652.5,781711160.0
2026H1,20251128,20251127,9523299160.0,655141924.0,1087851674.0
2026H1,20251201,20251128,14271644383.0,1471966288.5,461125167.0
2026H1,20251208,20251205,17884426425.0,1286015024.5,970169845.0
2026H1,20251209,20251208,14480551296.0,364814209.5,506701664.0
2026H1,20251212,20251211,12246906953.0,688312117.5,457482163.0
2026H1,20251215,20251212,12695152865.0,1111899068.0,479744567.0
2026H1,20251216,20251215,7155277516.0,147300411.5,167687891.0
2026H1,20251217,20251216,17294463597.0,985802996.0,1467101320.0
2026H1,20251218,20251217,16044299665.0,1037297521.0,965238383.0
2026H1,20251219,20251218,5494935881.0,419466730.0,554772288.0
2026H1,20251222,20251219,25323804580.0,1051748575.5,1828669444.0
2026H1,20251223,20251222,9654831772.0,815319486.5,477614978.0
2026H1,20251224,20251223,26296346725.0,1035379711.0,670086496.0
2026H1,20251225,20251224,35057548512.0,658801613.0,737331915.0
2026H1,20251226,20251225,13814672946.0,776456631.5,1417509571.0
2026H1,20251230,20251229,6163113385.0,467654960.5,176883225.0
2026H1,20251231,20251230,29092994656.0,1150183750.5,968252466.0
2026H2,20260227,20260226,25610423190.0,1949328859.5,1189655087.0
2026H2,20260302,20260227,18772725153.0,746065916.5,1210623459.0
2026H2,20260303,20260302,7146843670.0,529381013.5,905416852.0
2026H2,20260304,20260303,18084884842.0,1848422789.5,1231554871.0
2026H2,20260305,20260304,14672527766.0,645400819.0,527204194.0
2026H2,20260306,20260305,12459411938.0,852898581.0,294459223.0
2026H2,20260310,20260309,15464943971.0,1220970997.5,775564582.0
2026H2,20260311,20260310,29082765380.0,2150309939.5,2178715739.0
2026H2,20260312,20260311,36433857951.0,2298573230.5,1953124201.0
2026H2,20260313,20260312,19084120017.0,1128244169.0,1737949349.0
2026H2,20260316,20260313,8094598308.0,619899426.5,488209663.0
2026H2,20260317,20260316,20788541046.0,1590202129.0,1052410266.0
2026H2,20260318,20260317,17572113686.0,693273127.0,1312914163.0
2026H2,20260319,20260318,10193147658.0,606866634.5,798002952.0
2026H2,20260320,20260319,12252017747.0,716961898.5,487965915.0
2026H2,20260323,20260320,33921309961.0,1208891497.5,906796122.0
2026H2,20260324,20260323,13575088825.0,413296919.5,478216462.0
2026H2,20260325,20260324,15711655909.0,1434950078.5,1989941345.0
2026H2,20260326,20260325,7984662123.0,705677363.5,1038588187.0
2026H2,20260327,20260326,16342843953.0,924645304.0,1774115475.0
2026H2,20260330,20260327,11163858355.0,766864046.0,845612204.0
2026H2,20260331,20260330,16302179079.0,1085939888.5,1089414865.0
2026H2,20260402,20260401,14888322658.0,772888662.0,691205838.0
2026H2,20260407,20260403,23055320068.0,1434953799.0,1396281762.0
2026H2,20260408,20260407,15469431032.0,1328831901.0,320381393.0
2026H2,20260409,20260408,8177848033.0,494059904.0,770231400.0
2026H2,20260410,20260409,6663728972.0,163989771.5,245471466.0
2026H2,20260413,20260410,17085258104.0,1516271295.5,2124983409.0
2026H2,20260414,20260413,13401868623.0,711477010.5,616311726.0
2026H2,20260416,20260415,17730475719.0,1815908321.0,1361863767.0
2026H2,20260417,20260416,19374914241.0,997411050.5,970180523.0
2026H2,20260420,20260417,42800394112.0,4230927639.5,1439889668.0
2026H2,20260421,20260420,5741470694.0,220690089.5,456287639.0
2026H2,20260422,20260421,41846194490.0,1853630793.0,1746921536.0
2026H2,20260423,20260422,31486806294.0,2429369685.5,2362401460.0
2026H2,20260424,20260423,12513211120.0,854153020.0,655198596.0
2026H2,20260428,20260427,3462708839.0,167755461.5,142496020.0
2026H2,20260429,20260428,15002595683.0,1080730503.5,674639397.0
2026H2,20260430,20260429,8629710488.0,256168130.5,283144372.0
2026H2,20260506,20260430,22561436193.0,1750055451.5,1531933203.0
2026H2,20260507,20260506,15948614800.0,1205074042.0,856350028.0
2026H2,20260508,20260507,17997591472.0,1206061035.0,880661947.0
2026H2,20260513,20260512,10979981133.0,993642541.0,840925705.0
2026H2,20260514,20260513,10196293987.0,724827928.5,828399934.0
2026H2,20260515,20260514,17821452225.0,1536459717.5,1669668448.0
2026H2,20260518,20260515,47283769164.0,2856469419.5,3442875788.0
2026H2,20260519,20260518,17251667661.0,368446484.5,468755313.0
2026H2,20260520,20260519,36607980893.0,2008300577.5,2757527213.0
2026H2,20260521,20260520,15075079924.0,1478722876.5,1342748246.0
2026H2,20260522,20260521,44905748388.0,2307367138.0,3442058891.0
2026H2,20260525,20260522,35384850591.0,3893859141.0,1435507335.0
2026H2,20260526,20260525,6280419678.0,436432134.5,607985329.0
2026H2,20260527,20260526,62867058704.0,3547202160.5,4692733716.0
2026H2,20260528,20260527,11107066860.0,707120984.5,840864555.0
2026H2,20260529,20260528,13948800249.0,851068091.0,764281558.0
2026H2,20260603,20260602,20825215415.0,1141660150.5,1615195652.0
2026H2,20260604,20260603,13562017118.0,1235022144.5,779184558.0
2026H2,20260605,20260604,5706598322.0,280897850.0,386952232.0
2026H2,20260608,20260605,5852739055.0,385734719.0,387868328.0
2026H2,20260610,20260609,10436243404.880001,1179122021.44,900101428.0
2026H2,20260611,20260610,31366783326.699997,2076738780.5,2699584757.5299997
2026H2,20260612,20260611,27806203398.1,1954201214.48,3032118001.77
2026H2,20260615,20260612,13845296006.820002,916768175.245,737648845.39
2026H2,20260616,20260615,41357562947.04,3015722038.56,3411887245.91
2026H2,20260617,20260616,13696178154.779999,854209143.625,743592357.06
2026H2,20260618,20260617,18423985387.21,1629569435.075,1531683303.0
2026H2,20260622,20260618,20028140836.899998,1050000887.5450001,1583935212.3
2026H2,20260623,20260622,9763342001.72,774899757.96,1124577146.06
2026H2,20260624,20260623,30255399429.24,1156703413.0,706363959.03
2026H2,20260625,20260624,28523304556.560005,1244283010.5,1507304095.81
2026H2,20260626,20260625,52693789806.91,2266609017.035,2459595125.0
2026H2,20260629,20260626,32189790162.12,1990400027.155,1637650133.2400002
2026H2,20260630,20260629,11338548013.96,474817327.93,479024322.65
